{
    "kango_version": "1.3.1 ba4b80d08b67", 
    "content_scripts": [
        "tService/js/jquery.js", 
        "Collecteur.js", 
        "kango-ui/content_notifications.js"
    ], 
    "name": "TraceMe", 
    "default_locale": "en", 
    "creator": "COAT", 
    "description": "This extension allows to collect interection traces and sends them to a server", 
    "kango_package_id": "dev", 
    "background_scripts": [
        "tService/js/jquery.js", 
        "tService/lib/tService.js", 
        "background.js"
    ], 
    "homepage_url": "http://kangoextensions.com/", 
    "version": "1.0.4", 
    "options_page": "options.html", 
    "id": "gkmdjemippfjfkaolihnjkmlpjalkoip", 
    "locales": [
        "fr", 
        "de", 
        "en"
    ], 
    "browser_button": {
        "caption": "Trace Me", 
        "icon": "icons/traceMe.png", 
        "popup": {
            "url": "popup.html", 
            "width": 400, 
            "height": 160
        }, 
        "tooltipText": "Trace Me"
    }
}