{
    "Page": [
        {
            "URL": "clacodev.univ-lyon1.fr",
            "HostName": "clacodev.univ-lyon1.fr",
            "event": [
                {
                    "type": "click",
                    "typeObsel": "Click-Session",
                    "selectors": [
                        {
                            "frame": "",
                            "Selector": "div.panel-body.widget-instance-view > ul > li > a"
                        }
                    ]
                },
                {
                    "type": "mouseover",
                    "typeObsel": "Survol-Session",
                    "selectors": [
                        {
                            "frame": "",
                            "Selector": "div.panel-body.widget-instance-view > ul > li > a"
                        }
                    ]
                },
                {
                    "type": "click",
                    "typeObsel": "Click-onglet",
                    "selectors": [
                        {
                            "frame": "",
                            "Selector": "li.hometab-element"
                        }
                    ]
                }
            ]
        },
        {
            "URL": "localhost",
            "HostName": "localhost",
            "event": [
                {
                    "type": "click",
                    "typeObsel": "Click-Lien-Session2",
                    "selectors": [
                        {
                            "frame": "",
                            "Selector": "div.panel-body.widget-instance-view > div#session_2 > ol > li > a"
                        }
                    ]
                }
            ]
        },
        {
            "URL": "www.youtube.com",
            "HostName": "www.youtube.com",
            "event": [
                {
                    "type": "click",
                    "typeObsel": "Click-Lien-YouTube",
                    "selectors": [
                        {
                            "frame": "",
                            "Selector": "a"
                        }
                    ]
                },
                {
                    "type": "click",
                    "typeObsel": "Aime-Video",
                    "selectors": [
                        {
                            "frame": "",
                            "Selector": "span.yt-uix-button-content "
                        }
                    ]
                },
                {
                    "type": "click",
                    "typeObsel": "Abonner-Video",
                    "selectors": [
                        {
                            "frame": "",
                            "Selector": "span.subscribe-label"
                        }
                    ]
                },
                {
                    "type": "click",
                    "typeObsel": "Annuler-Abonnement",
                    "selectors": [
                        {
                            "frame": "",
                            "Selector": "span.unsubscribe-label"
                        }
                    ]
                },
                {
                    "type": "click",
                    "typeObsel": "dislike-video",
                    "selectors": [
                        {
                            "frame": "",
                            "Selector": "span.yt-uix-button-icon-wrapper"
                        }
                    ]
                }
            ]
        },
        {
            "URL": "clacodev.univ-lyon1.fr",
            "HostName": "clacodev.univ-lyon1.fr",
            "event": [
                {
                    "type": "click",
                    "typeObsel": "Telecharger-Article",
                    "selectors": [
                        {
                            "frame": "",
                            "Selector": "div.panel-footer > a.btn.btn-primary"
                        }
                    ]
                },
                {
                    "type": "click",
                    "typeObsel": "Click-Previous",
                    "selectors": [
                        {
                            "frame": "",
                            "Selector": "div.input-group > span.input-group-btn > button.btn.btn-primary > i.icon-backward"
                        }
                    ]
                },
                {
                    "type": "click",
                    "typeObsel": "Click-Next",
                    "selectors": [
                        {
                            "frame": "",
                            "Selector": "div.input-group > span.input-group-btn > button.btn.btn-primary > i.icon-forward"
                        }
                    ]
                },
                {
                    "type": "click",
                    "typeObsel": "Click-Zoom-In",
                    "selectors": [
                        {
                            "frame": "",
                            "Selector": "div.input-group > span.input-group-btn > button.btn.btn-primary > i.icon-zoom-in"
                        }
                    ]
                },
                {
                    "type": "click",
                    "typeObsel": "Click-Zoom-out",
                    "selectors": [
                        {
                            "frame": "",
                            "Selector": "div.input-group > span.input-group-btn > button.btn.btn-primary > i.icon-zoom-out"
                        }
                    ]
                }
            ]
        },
        {
            "URL": "clacodev.univ-lyon1.fr",
            "HostName": "clacodev.univ-lyon1.fr",
            "event": [
                {
                    "type": "click",
                    "typeObsel": "Click-Boutton-Ajouter-Categorie",
                    "selectors": [
                        {
                            "frame": "",
                            "Selector": "html > body > div#wrap > div.container > div.row.content > div.col-md-12 > div.section-content > div.panel.panel-default > div.panel-body > div.navbar.row > div.col-md-8 > a.btn.btn-primary"
                        }
                    ]
                },
                {
                    "type": "click",
                    "typeObsel": "Click-Lien-sur-une-Categorie",
                    "selectors": [
                        {
                            "frame": "",
                            "Selector": "html > body > div#wrap > div.container > div.row.content > div.col-md-12 > div.section-content > div.panel.panel-default > div.panel-body > div.table-responsive > table#subjects_table.table.table-striped.table-bordered.table-condensed > tbody#table-subjects-body > tr.row-category > td > a.pull-right"
                        }
                    ]
                },
                {
                    "type": "click",
                    "typeObsel": "CLick-Suprimer-Categorie",
                    "selectors": [
                        {
                            "frame": "",
                            "Selector": "html > body > div#wrap > div.container > div.row.content > div.col-md-12 > div.section-content > div.panel.panel-default > div.panel-body > div.table-responsive > table#subjects_table.table.table-striped.table-bordered.table-condensed > tbody#table-subjects-body > tr.row-category > td > a#delete-category"
                        }
                    ]
                },
                {
                    "type": "click",
                    "typeObsel": "Click-Modifier-Categorie",
                    "selectors": [
                        {
                            "frame": "",
                            "Selector": "html > body > div#wrap > div.container > div.row.content > div.col-md-12 > div.section-content > div.panel.panel-default > div.panel-body > div.table-responsive > table#subjects_table.table.table-striped.table-bordered.table-condensed > tbody#table-subjects-body > tr.row-category > td > a.pull-right"
                        }
                    ]
                }
            ]
        },
        {
            "URL": "clacodev.univ-lyon1.fr",
            "HostName": "clacodev.univ-lyon1.fr",
            "event": [
                {
                    "type": "click",
                    "typeObsel": "Click-Sur-Sujet",
                    "selectors": [
                        {
                            "frame": "",
                            "Selector": "table#subjects_table.table.table-striped.table-bordered.table-condensed > tbody#table-subjects-body > tr.row-subject > td > a.link-subject > b"
                        }
                    ]
                },
                {
                    "type": "click",
                    "typeObsel": "Modifier-Sujet",
                    "selectors": [
                        {
                            "frame": "",
                            "Selector": "table#subjects_table.table.table-striped.table-bordered.table-condensed > tbody#table-subjects-body > tr.row-subject > td > a.pull-right"
                        }
                    ]
                },
                {
                    "type": "click",
                    "typeObsel": "Deplacer-Sujet",
                    "selectors": [
                        {
                            "frame": "",
                            "Selector": "table#subjects_table.table.table-striped.table-bordered.table-condensed > tbody#table-subjects-body > tr.row-subject > td > a#move-subject"
                        }
                    ]
                },
                {
                    "type": "click",
                    "typeObsel": "Deplacer-Sujet",
                    "selectors": [
                        {
                            "frame": "",
                            "Selector": "table#subjects_table.table.table-striped.table-bordered.table-condensed > tbody#table-subjects-body > tr.row-subject > td > a#delete-subject"
                        }
                    ]
                },
                {
                    "type": "click",
                    "typeObsel": "Click-Precedant",
                    "selectors": [
                        {
                            "frame": "",
                            "Selector": "ul > li.prev.disabled > a"
                        }
                    ]
                },
                {
                    "type": "click",
                    "typeObsel": "Click-suivant",
                    "selectors": [
                        {
                            "frame": "",
                            "Selector": "ul > li.next.disabled > a"
                        }
                    ]
                },
                {
                    "type": "click",
                    "typeObsel": "Ajouter-Sujet",
                    "selectors": [
                        {
                            "frame": "",
                            "Selector": "html > body > div#wrap > div.container > div.row.content > div.col-md-12 > div.section-content > div.panel.panel-default > div.panel-body > div.navbar.row > div.col-md-9 > a.btn.btn-primary"
                        }
                    ]
                }
            ]
        },
        {
            "URL": "clacodev.univ-lyon1.fr",
            "HostName": "clacodev.univ-lyon1.fr",
            "event": [
                {
                    "type": "click",
                    "typeObsel": "Click-Button-EnBas-Quiz",
                    "selectors": [
                        {
                            "frame": "",
                            "Selector": "html > body > div#wrap > div.container > div.row.content > div.col-md-12 > div.section-content > div.panel.panel-default > div.list-group > div.text-center.panel-footer > a.btn.btn-primary"
                        }
                    ]
                },
                {
                    "type": "click",
                    "typeObsel": "Click-Button-EnHaut-Quiz",
                    "selectors": [
                        {
                            "frame": "",
                            "Selector": "html > body > div#wrap > div.container > div.row.content > div.col-md-12 > div.section-content > div.panel.panel-default > div.panel-body > a.btn.btn-primary"
                        }
                    ]
                }
            ]
        },
        {
            "URL": "clacodev.univ-lyon1.fr",
            "HostName": "clacodev.univ-lyon1.fr",
            "event": [
                {
                    "type": "click",
                    "typeObsel": "Click-Video-Quiz",
                    "selectors": [
                        {
                            "frame": "",
                            "Selector": "html > body > div#wrap > div.container > div.row.content > div.col-md-12 > div.section-content > div.panel.panel-default > div.panel-body > form#formResponse > div.panel.panel-default > div.panel-body > div.panel.panel-default > div.panel-body > p > video"
                        }
                    ]
                },
                {
                    "type": "change",
                    "typeObsel": "Event-Cocher-Decocher-Quiz",
                    "selectors": [
                        {
                            "frame": "",
                            "Selector": "html > body > div#wrap > div.container > div.row.content > div.col-md-12 > div.section-content > div.panel.panel-default > div.panel-body > form#formResponse > div.panel.panel-default > div.panel-body > div.panel.panel-default > div.panel-body > table.table.table-striped.table-bordered.table-condensed > tbody > tr > td.classic > input"
                        }
                    ]
                }
            ]
        },
        {
            "URL": "clacodev.univ-lyon1.fr",
            "HostName": "clacodev.univ-lyon1.fr",
            "event": [
                {
                    "type": "click",
                    "typeObsel": "Click-Terminer-Quiz",
                    "selectors": [
                        {
                            "frame": "",
                            "Selector": "html > body > div#wrap > div.container > div.row.content > div.col-md-12 > div.section-content > div.panel.panel-default > div.text-center.panel-footer > ul.pagination > li > input.btn.btn-primary"
                        }
                    ]
                }
            ]
        },
        {
            "URL": "clacodev.univ-lyon1.fr",
            "HostName": "clacodev.univ-lyon1.fr",
            "event": [
                {
                    "type": "click",
                    "typeObsel": "Click-Button-Recherche-Cat",
                    "selectors": [
                        {
                            "frame": "",
                            "Selector": "span.input-group-btn > button#search-button.filter.btn.btn-default"
                        }
                    ]
                }
            ]
        },
        {
            "URL": "clacodev.univ-lyon1.fr",
            "HostName": "clacodev.univ-lyon1.fr",
            "event": [
                {
                    "type": "click",
                    "typeObsel": "Click-Lien-Categorie",
                    "selectors": [
                        {
                            "frame": "",
                            "Selector": " tbody#table-subjects-body > tr.row-category > td > a.link-category"
                        }
                    ]
                }
            ]
        }
    ]
}
