{
    "kango_version": "1.3.1 ba4b80d08b67", 
    "content_scripts": [
        "tService/js/jquery.js", 
        "Collecteur.js"
    ], 
    "name": "TraceMe", 
    "creator": "COAT", 
    "description": "This extension allow to collect traces and send them to a server", 
    "kango_package_id": "dev", 
    "background_scripts": [
        "tService/js/jquery.js", 
        "tService/lib/tService.js", 
        "background.js"
    ], 
    "homepage_url": "http://kangoextensions.com/", 
    "version": "1.0.0", 
    "options_page": "options.html", 
    "id": "{d04473cf-d3a0-11e0-9b3e-14d64d08fdac}", 
    "browser_button": {
        "caption": "Trace Me", 
        "icon": "icons/traceMe.png", 
        "popup": {
            "url": "popup.html", 
            "width": 400, 
            "height": 160
        }, 
        "tooltipText": "Trace Me"
    }
}